Chromosome,Ca21chr6_C_albicans_SC5314,Ca21chr7_C_albicans_SC5314,Ca21chr7_C_albicans_SC5314,Ca21chr7_C_albicans_SC5314,Ca21chr7_C_albicans_SC5314,Ca21chr7_C_albicans_SC5314,Ca21chr7_C_albicans_SC5314
Chr_Position,452882,109351,144820,14571,298062,521074,782864
# Catalog ID,77328,82399,82699,81730,83571,85135,86694
SC5314,cb,bb,bb,aa,aa,ac,aa
529L,aa,ca,ac,bc,bc,bb,bc
MAY154.GT,ca,ba,ba,ab,ac,bc,ab
MAY155.GT,ca,ba,ba,ab,ac,bc,ab
MAY156.GT,ca,ba,ba,ab,ac,bc,ab
MAY157.GT,ca,ba,ba,ab,ac,bc,ab
MAY158.GT,ca,ba,ba,ab,ac,bc,ab
